CREATE TABLE GENERO
(
     COD_GENERO INT,
     TIPO_GENERO VARCHAR2(30),
     PRIMARY KEY(COD_GENERO)
);

/* insercion de generos */
INSERT INTO GENERO
VALUES(1, 'Rock');
INSERT INTO GENERO
VALUES(2, 'Pop');
INSERT INTO GENERO
VALUES(3, 'Jazz');
INSERT INTO GENERO
VALUES(4, 'Swing');


CREATE TABLE TIPO_COLECCION
(
     COD_TIPO_COLECCION INT,
     NOMBRE_COLECCION VARCHAR (60),
     PRIMARY KEY(COD_TIPO_COLECCION)
);

/* insercion de tipo coleccion */
INSERT INTO TIPO_COLECCION
VALUES(10, 'ALBUM');
INSERT INTO TIPO_COLECCION
VALUES(22, 'RECOPILATIRIO');
INSERT INTO TIPO_COLECCION
VALUES(33, 'SENCILLO');


CREATE TABLE IMAGEN
(
     COD_IMAGEN INT,
     NOMBRE VARCHAR2(60),
     TAMANO_IMAGEN VARCHAR(20),
     TIPO_IMAGEN VARCHAR2(10),
     IMAGEN ORDSYS.ORDIMAGE,
     CONSTRAINT CODIMAGEN_PK PRIMARY KEY(COD_IMAGEN)
);


/* insercion de imagen */
INSERT INTO IMAGEN
VALUES(1, 'IMAGEN1', 'IMAGEN_PEQUENA', '1', ORDSYS.ORDimage());
INSERT INTO IMAGEN
VALUES(2, 'IMAGEN2', 'IMAGEN_PEQUENA', '1', ORDSYS.ORDimage());
INSERT INTO IMAGEN
VALUES(3, 'IMAGEN3', 'IMAGEN_PEQUENA', '1', ORDSYS.ORDimage());
INSERT INTO IMAGEN
VALUES(4, 'IMAGEN4', 'IMAGEN_PEQUENA', '1', ORDSYS.ORDimage());
INSERT INTO IMAGEN
VALUES(5, 'IMAGEN5', 'IMAGEN_PEQUENA', '2', ORDSYS.ORDimage());
INSERT INTO IMAGEN
VALUES(6, 'IMAGEN6', 'IMAGEN_PEQUENA', '2', ORDSYS.ORDimage());
INSERT INTO IMAGEN
VALUES(7, 'IMAGEN7', 'IMAGEN_PEQUENA', '2', ORDSYS.ORDimage());
INSERT INTO IMAGEN
VALUES(8, 'IMAGEN8', 'IMAGEN_PEQUENA', '2', ORDSYS.ORDimage());
INSERT INTO IMAGEN
VALUES(9, 'IMAGEN9', 'IMAGEN_PEQUENA', '2', ORDSYS.ORDimage());
INSERT INTO IMAGEN
VALUES(10, 'IMAGEN10', 'IMAGEN_PEQUENA', '2', ORDSYS.ORDimage());
INSERT INTO IMAGEN
VALUES(11, 'IMAGEN11', 'IMAGEN_PEQUENA', '2', ORDSYS.ORDimage());
INSERT INTO IMAGEN
VALUES(12, 'IMAGEN12', 'IMAGEN_PEQUENA', '2', ORDSYS.ORDimage());
INSERT INTO IMAGEN
VALUES(13, 'IMAGEN10', 'IMAGEN_PEQUENA', '2', ORDSYS.ORDimage());
INSERT INTO IMAGEN
VALUES(14, 'IMAGEN11', 'IMAGEN_PEQUENA', '2', ORDSYS.ORDimage());
INSERT INTO IMAGEN
VALUES(15, 'IMAGEN12', 'IMAGEN_PEQUENA', '2', ORDSYS.ORDimage());
INSERT INTO IMAGEN
VALUES(16, 'IMAGEN9', 'IMAGEN_PEQUENA', '2', ORDSYS.ORDimage());
INSERT INTO IMAGEN
VALUES(17, 'IMAGEN10', 'IMAGEN_PEQUENA', '2', ORDSYS.ORDimage());
INSERT INTO IMAGEN
VALUES(18, 'IMAGEN11', 'IMAGEN_PEQUENA', '2', ORDSYS.ORDimage());
INSERT INTO IMAGEN
VALUES(19, 'IMAGEN12', 'IMAGEN_PEQUENA', '2', ORDSYS.ORDimage());
INSERT INTO IMAGEN
VALUES(20, 'IMAGEN10', 'IMAGEN_PEQUENA', '2', ORDSYS.ORDimage());
INSERT INTO IMAGEN
VALUES(21, 'IMAGEN11', 'IMAGEN_PEQUENA', '2', ORDSYS.ORDimage());
INSERT INTO IMAGEN
VALUES(22, 'IMAGEN12', 'IMAGEN_PEQUENA', '2', ORDSYS.ORDimage());
INSERT INTO IMAGEN
VALUES(23, 'IMAGEN12', 'IMAGEN_PEQUENA', '2', ORDSYS.ORDimage());

CREATE TABLE ARTISTAS
(
     COD_ARTISTAS INT,
     NOMBRE_ARTISTAS VARCHAR2(30),
     COD_GENERO INT,
     BIOGRAFIA BLOB,
     COD_IMAGEN INT,
     PRIMARY KEY(COD_ARTISTAS),
     CONSTRAINT FK_COD_GENERO FOREIGN KEY (COD_GENERO) REFERENCES GENERO (COD_GENERO),
     CONSTRAINT FK_COD_IMAGEN FOREIGN KEY (COD_IMAGEN) REFERENCES IMAGEN (COD_IMAGEN)
);

DROP TABLE ARTISTAS;

/* insercion de artistas */
INSERT INTO ARTISTAS
VALUES(1, 'SURVIVOR', 1, empty_blob(), 16);
INSERT INTO ARTISTAS
VALUES(2, 'MICHAEL JACKSON', 2, empty_blob(), 17);
INSERT INTO ARTISTAS
VALUES(3, 'RAY CHARLES', 3, empty_blob(), 18);
INSERT INTO ARTISTAS
VALUES(4, 'FRANK SINATRA', 4, empty_blob(), 19);
INSERT INTO ARTISTAS
VALUES(5, 'TAME IMPALA', 1, empty_blob(), 20);
INSERT INTO ARTISTAS
VALUES(6, 'THE WEEKEND', 2, empty_blob(), 21);
INSERT INTO ARTISTAS
VALUES(7, 'LOUIS ARMSTRONG', 3, empty_blob(), 22);
INSERT INTO ARTISTAS
VALUES(8, 'LOUIS PRIMA', 4, empty_blob(), 23);


CREATE TABLE COLECCION
(
     COD_COLECCION INT,
     COD_ARTISTAS INT,
     NUM_CANCIONES INT,
     NOMBRE_COLECCION VARCHAR(30),
     TIPO_COLECCION INT,
     COD_IMAGEN INT,
     ANO_COLECCION VARCHAR2 (4),
     CONSTRAINT COD_COLECCION_PK PRIMARY KEY(COD_COLECCION),
     CONSTRAINT FK_COD_ARTISTA FOREIGN KEY (COD_ARTISTAS) REFERENCES ARTISTAS (COD_ARTISTAS),
     CONSTRAINT FK_COD_IMAGEN_COLECCION FOREIGN KEY (COD_IMAGEN) REFERENCES IMAGEN (COD_IMAGEN),
     CONSTRAINT FK_COD_TIPO_COLECCION FOREIGN KEY (TIPO_COLECCION) REFERENCES TIPO_COLECCION (COD_TIPO_COLECCION)
);
DROP TABLE COLECCION;

/* insercion de coleccion */
INSERT INTO COLECCION
VALUES(1, 1, 3, 'VITAL SINGS', 10, 1, '1984');
INSERT INTO COLECCION
VALUES(2, 1, 1, 'EYE OF THE TIGER', 33, 2, '1982');
INSERT INTO COLECCION
VALUES(3, 2, 3, 'THRILLER', 10, 3, '1982');
INSERT INTO COLECCION
VALUES(4, 2, 1, 'DONT STOP TILL', 33, 4, '1979');
INSERT INTO COLECCION
VALUES(5, 3, 3, 'COLLECTION REY', 22, 5, '1962');
INSERT INTO COLECCION
VALUES(6, 3, 1, 'HIT THE ROAD', 33, 6, '1961');
INSERT INTO COLECCION
VALUES(7, 4, 3, 'SINATRA', 22, 7, '1983');
INSERT INTO COLECCION
VALUES(8, 4, 1, 'COME FLY WITH ME', 33, 8, '1958');
INSERT INTO COLECCION
VALUES(9, 5, 3, 'CURRENTS', 10, 9, '2015');
INSERT INTO COLECCION
VALUES(10, 5, 1, 'PATIENCE', 33, 2, '2019');
INSERT INTO COLECCION
VALUES(11, 6, 3, 'MY DEAR MELANCHOLY', 10, 10, '2018');
INSERT INTO COLECCION
VALUES(12, 6, 1, 'CANT FEEL MY FACE', 33, 11, '2015');
INSERT INTO COLECCION
VALUES(13, 7, 3, 'HOT FIVE', 10, 12, '1928');
INSERT INTO COLECCION
VALUES(14, 7, 1, 'JAZZ LIPS', 33, 13, '1926');
INSERT INTO COLECCION
VALUES(15, 8, 3, 'COLLECTION', 22, 14, '1938');
INSERT INTO COLECCION
VALUES(16, 8, 1, 'SING SING SING', 33, 15, '1936');

CREATE TABLE CANCIONES
(
     COD_CANCIONES INT,
     NOMBRE_CANCIONES VARCHAR2(30),
     LETRA BLOB,
     NOMBRE_ARTISTA VARCHAR(30),
     COD_COLECCION INT,
     PREVIO_CANCION ORDSYS.ORDAUDIO,
     CONSTRAINT COD_CANCIONES_PK PRIMARY KEY(COD_CANCIONES),
     CONSTRAINT FK_COD_COLECCION FOREIGN KEY (COD_COLECCION) REFERENCES COLECCION (COD_COLECCION)
);



/* insercion de canciones */
INSERT INTO CANCIONES
VALUES(1, 'FIRST NIGHT', empty_blob(), 'SURVIVOR', 1, ORDSYS.ORDaudio());
INSERT INTO CANCIONES
VALUES(2, 'HIGH IN YOU', empty_blob(), 'SURVIVOR', 1, ORDSYS.ORDaudio());
INSERT INTO CANCIONES
VALUES(3, 'I CANT HOLD BACK', empty_blob(), 'SURVIVOR', 1, ORDSYS.ORDaudio());
INSERT INTO CANCIONES
VALUES(4, 'EYE OF TIGER', empty_blob(), 'SURVIVOR', 2, ORDSYS.ORDaudio());
INSERT INTO CANCIONES
VALUES(5, 'BEAT IT', empty_blob(), 'MICHAEL JACKSON', 3, ORDSYS.ORDaudio());
INSERT INTO CANCIONES
VALUES(6, 'BILLIE JEAN', empty_blob(), 'MICHAEL JACKSON', 3, ORDSYS.ORDaudio());
INSERT INTO CANCIONES
VALUES(7, 'THRILLER', empty_blob(), 'MICHAEL JACKSON', 3, ORDSYS.ORDaudio());
INSERT INTO CANCIONES
VALUES(8, 'DONT STOP', empty_blob(), 'MICHAEL JACKSON', 4, ORDSYS.ORDaudio());
INSERT INTO CANCIONES
VALUES(9, 'I CANT STOP', empty_blob(), 'RAY CHARLES', 5, ORDSYS.ORDaudio());
INSERT INTO CANCIONES
VALUES(10, 'IVE GOR A WOMAN', empty_blob(), 'RAY CHARLES', 5, ORDSYS.ORDaudio());
INSERT INTO CANCIONES
VALUES(11, 'MESS AROUND', empty_blob(), 'RAY CHARLES', 5, ORDSYS.ORDaudio());
INSERT INTO CANCIONES
VALUES(12, 'HIT THE ROAD', empty_blob(), 'RAY CHARLES', 6, ORDSYS.ORDaudio());
INSERT INTO CANCIONES
VALUES(13, 'NEW YORK', empty_blob(), 'FRANK SINATRA', 7, ORDSYS.ORDaudio());
INSERT INTO CANCIONES
VALUES(14, 'THE WAY', empty_blob(), 'FRANK SINATRA', 7, ORDSYS.ORDaudio());
INSERT INTO CANCIONES
VALUES(15, 'YOU MAKE', empty_blob(), 'FRANK SINATRA', 7, ORDSYS.ORDaudio());
INSERT INTO CANCIONES
VALUES(16, 'COME FLY', empty_blob(), 'FRANK SINATRA', 8, ORDSYS.ORDaudio());
INSERT INTO CANCIONES
VALUES(17, 'LET IT HAPPEN', empty_blob(), 'TAME IMPALA', 9, ORDSYS.ORDaudio());
INSERT INTO CANCIONES
VALUES(18, 'NANGS', empty_blob(), 'TAME IMPALA', 9, ORDSYS.ORDaudio());
INSERT INTO CANCIONES
VALUES(19, 'THE LESS I KNOW THE BETTER', empty_blob(), 'TAME IMPALA', 9, ORDSYS.ORDaudio());
INSERT INTO CANCIONES
VALUES(20, 'PATIENCE', empty_blob(), 'TAME IMPALA', 10, ORDSYS.ORDaudio());
INSERT INTO CANCIONES
VALUES(21, 'CALL OUT MY NAME', empty_blob(), 'THE WEEKEND', 11, ORDSYS.ORDaudio());
INSERT INTO CANCIONES
VALUES(22, 'TRY ME', empty_blob(), 'THE WEEKEND', 11, ORDSYS.ORDaudio());
INSERT INTO CANCIONES
VALUES(23, 'WASTED TIMES', empty_blob(), 'THE WEEKEND', 11, ORDSYS.ORDaudio());
INSERT INTO CANCIONES
VALUES(24, 'CAN FEEL MY FACE', empty_blob(), 'THE WEEKEND', 12, ORDSYS.ORDaudio());
INSERT INTO CANCIONES
VALUES(25, 'I CANT STOP', empty_blob(), 'LOUIS ARMSTRONG', 13, ORDSYS.ORDaudio());
INSERT INTO CANCIONES
VALUES(26, 'IVE GOR A WOMAN', empty_blob(), 'LOUIS ARMSTRONG', 13, ORDSYS.ORDaudio());
INSERT INTO CANCIONES
VALUES(27, 'MESS AROUND', empty_blob(), 'LOUIS ARMSTRONG', 13, ORDSYS.ORDaudio());
INSERT INTO CANCIONES
VALUES(28, 'HIT THE ROAD', empty_blob(), 'LOUIS ARMSTRONG', 14, ORDSYS.ORDaudio());
INSERT INTO CANCIONES
VALUES(29, 'NEW YORK', empty_blob(), 'LOUIS PRIMA', 15, ORDSYS.ORDaudio());
INSERT INTO CANCIONES
VALUES(30, 'THE WAY', empty_blob(), 'LOUIS PRIMA', 15, ORDSYS.ORDaudio());
INSERT INTO CANCIONES
VALUES(31, 'YOU MAKE', empty_blob(), 'LOUIS PRIMA', 15, ORDSYS.ORDaudio());
INSERT INTO CANCIONES
VALUES(32, 'COME FLY', empty_blob(), 'LOUIS PRIMA', 16, ORDSYS.ORDaudio());

--update  canciones  
--set previo_cancion = (ordsys.ordaudio('FILE','MULTIMEDIA','let_it.mp3'))
--where cod_canciones = 1;


